{
 "host":"apigateway.serpro.gov.br",
 "security":[{"Bearer": []}],
 "securityDefinitions":{
      "Bearer" : {
      "type": "apiKey",
      "name": "Authorization",
      "in": "header" }
    },
  "swagger": "2.0",
  "tags": [
    {
      "name": "1 Introdução"
    },
    {
      "name": "2 Métodos do Serviço"
    },
    {
      "name": "3 Dados para Testes"
    }
  ],
  "schemes": [
    "https"
  ],
  "basePath": "/datavalid-trial/basico/vbeta1",
  "paths": {
	   "Descrição": {
       "head": {
        "tags": [
          "1 Introdução"
        ],
        "summary": "O Datavalid",
        "description": "<p style=\"color: red; font: 24px arial bold; font-weight: bold\">ATENÇÃO: Esta documentação está desatualizada e será desativada até 31/01/2020. Favor acesse e guarde o link da nossa nova documentação, mais completa e atualizada em <a href=\"https://apidocs.datavalidp.estaleiro.serpro.gov.br\">https://apidocs.datavalidp.estaleiro.serpro.gov.br</a></p> O Datavalid é uma solução de análise de informações que garante autenticidade e confiabilidade aos dados em tempo real.  O Datavalid é disponibilizado através de um serviço  `HTTP REST` oferecendo operações que permitem as aplicações realizar validações em dados de Pessoas Físicas e Pessoas Jurídicas. Para pessoas físicas, o Datavalid ainda disponibiliza um recurso biometrico, que funciona comparando a foto da face da pessoa com uma foto de face oficial cadastrada nas bases do governo.\n\n Nessa página, o Datavalid foi documentado utilizando a tecnologia Swagger. Através dessa documentação é possível entender o funcionamento do serviço testar todos os métodos disponíveis para uso. \n\n Utilize os links do menu ao lado para navegar pelas seções da documentação.",
        "responses": {}
      }
    },
    "Tipos de Atributos da Resposta": {
      "head": {
        "tags": [
          "1 Introdução"
        ],
        "summary": "Tipos de Atributos da Resposta",
        "description": "Quando o Datavalid processa a requisção e valida os dados com sucesso, são retornados os seguintes tipos de atributos: \n\n | <b>Tipos</b> | <b>Valor de retorno</b>|\n| ---------------------- | :------------------------------------------------------------- \n| Validação        | <code>false</code> se o dado for invalido e <code>true</code> se for válido                   |\n| Similaridade     | Valor de 0 a 1 que indica o percentual de similaridade entre dado a ser validado e o dado verdadeiro referente a chave enviada.|\n\n --------------------------",
        "responses": {
			
        }
      }
    }
    ,
    "Códigos de Retorno do Serviço": {
      "head": {
        "tags": [
          "1 Introdução"
        ],
        "summary": "Códigos de Retorno do Serviço",
        "description": "As requisições ao Datavalid podem retornar os seguintes código HTTP: \n\n | Code | Responses |\n|-----|-----|\n | 200 | <b>OK - </b> Tudo funcionou como esperado e a validação dos dados foi realizada com sucesso. |\n | 400 | <b>Requisição inválida - </b> A requisição não foi aceita pois existe alguma iconsistência em algum campo da requisição. Confira se as propriedades do corpo da requisição estão de acordo com a propriedades esperadas pelo método e se corpo da requisição está codificado em UTF-8. | \n | 401 | <b>Não autorizado - </b>Problemas durante a autenticação. | \n | 413 | <b>Request Entity Too Large - </b> A requisição tem um tamanho muito grande.  Verifique se o limite de tamanho máximo da requisição está sendo atendido.| \n | 422 | <b>Validação não processada - </b> A validação não pode ser processada por que algum valor inválido foi enviado na requisição.  Os valores inválidos são listadas na resposta. |\n|  |Code / property / message |\n |  |DV10 \tkey.cpf: \tCPF {key.cpf} inválido | \n |  |DV15 \tkey.cpf: \tCPF {key.cpf} não foi encontrado | \n |  |DV11 \tanswer.nacionalidade: \tValor inválido | \n |  |DV12 \tanswer.documento.tipo: \tValor inválido | \n |  |DV13 \tanswer.sexo: \tValor inválido | \n |  |DV14 \tanswer.situacao_cpf: \tValor inválido | \n |  |DV20 \tkey.cnpj: \tCPF {key.cnpj} inválido | \n |  |DV23 \tkey.cnpj: \tCNPJ {key.cnpj} não foi encontrado | \n |  |DV21 \tanswer.situacao_cadastral.codigo: \tValor inválido | \n |  |DV22 \tanswer.porte: \tValor inválido | \n |  |DV41 \tbiometria_face: \tNão foi possível reconhecer a face na imagem | \n |  |DV42 \tbiometria_face: \tResolução da imagem inválida | \n |  |DV43 \tbiometria_face: \tImagem corrompida ou fora do formato JPG, JPEG ou PNG | \n |  |DV44 \tbiometria_face: \tErro ao recuperar imagem codificada em Base64 |\n | 500 | <b>Erro no servidor - </b> Ocorreu algum erro interno.|\n |503 | <b>Serviço Indisponível - </b> Algum serviço integrado ao Datavalid está indisponível no momento. |\n"
      }
    },
    "Outros Recursos - Campos Opcionais ": {
      "head": {
        "tags": [
          "1 Introdução"
        ],
        "summary": "Campos opcionais no header",
        "description": "As requisições ao Datavalid podem utilizar opcionalmente os campos no cabeçalho (header) da requisição, a fim de obter funcionaildades adicionais: \n\n | <b>Campo: valor</b> | <b>Descrição</b>|\n| ---------------------- | :------------------------------------------------------------- \n| x-request-trace-id: UUID        | O atributo X-Request-Trace-Id pode ser usado de forma <b>opcional</b> no cabeçalho (header) para que o cliente possa rastrear suas requisições, incluindo neste um número de identificação (UUID) para a operação. Ao utilizar este parâmetro, o cabeçalho da resposta vem com o campo X-Request-Trace-Id com o mesmo número enviado na requisição.                   |\n| x-signature: 1 | É um campo opcional, e pode ser usado no cabeçalho (Header) sempre que quiser adicionar um Carimbo de Tempo para verificação posterior (Checkstamp). Para utilizar esta funcionalidade, basta incluir o atributo <b>x-signature</b> no HEADER da requisição, com o valor 1. A resposta irá retornar o atribudo <b>stamp</b> com um valor em base64, correspondente ao carimbo de verificação da transação. Para verificar posteriormente a transação, é necessário chamar o serviço de Checkstamp. Veja mais informações em: https://rawgit.com/devserpro/apis/master/_layouts/swagger-ui-master/dist/index.html?bearer=4e1a1858bdd584fdc077fb7d80f39283&url=https://rawgit.com/devserpro/apis/master/_layouts/swaggers/carimbo-tempo/swagger-timestampcheck-trial-bsa.json      \n\n --------------------------"
      }
    },
    "/validate/pf": {
      "post": {
        "tags": [
          "2 Métodos do Serviço"
        ],
                "summary": "2.1 Validar Dados de Pessoas Físicas",
		"description":"Esse método recebe no corpo da requisição uma chave com o CPF da pessoa  (objeto <code>key</code>) e os dados da pessoa que serão validados (objeto <code>answer</code>) e retorna se cada um dos dados é ou não válido. Para os dados do tipo texto, também são retornados o percentual de similaridade entre o dado enviado e o dado oficial disponível nas bases do governo. \n\n<b>Clique no conteúdo do BODY SAMPLE para carregar o exemplo no Body e depois clique em Try para testar esse método. Os valores dos atributos do Body também podem ser alterados para avaliar outros cenários de validação.</b>",
        "consumes": [
          "application/json"
        ],
        "produces": [
          "application/json"
        ],
        "parameters": [
          {
            "in": "body",
            "name": "Body",
            "required": true,
            "schema": {
              "$ref": "#/definitions/Body"
            }
          }
        ],
        
        "responses": {
			"200":{
				"description": "<b> OK - </b> Tudo funcionou como esperado e a validação dos dados foi realizada com sucesso.",
				 "schema": {
					"$ref": "#/definitions/ValidacaoPF"
					}
				},
			"400":{
				"description": "<b>Requisição inválida - </b> \n A requisição não foi aceita poís existe alguma iconsistência em algum campo da requisição.Confira se as propriedades do corpo da requisição estão de acordo com a propriedades esperadas pelo método e se corpo da requisição está codificado em UTF-8."
				},
			"401":{
				"description": "<b>Não autorizado - </b>Problemas durante a autenticação."
				},
			"422":{
				"description": "<b>Validação não processada - </b> A validação não pode ser processada por que algum valor inválido foi enviado na requisição.  Os valores invalidos são listadas na resposta.",
				"schema": {
              "$ref": "#/definitions/UnprocessableEntity"
            }
				},
			"500":{
				"description": "<b>Erro no servidor - </b> Ocorreu algum erro interno. "
				},
			"503":{
				"description": "<b>Serviço Indisponível - </b> Algum serviço integrado ao Datavalid está indisponível no momento."
				}
        }
        
      }
    },
    "/validate/pj": {
      "post": {
        "tags": [
          "2 Métodos do Serviço"
        ],
          "summary": "2.2 Validar Dados de Pessoas Juridicas",
          		"description":"Esse método recebe no corpo da requisição uma chave com o CNPJ da pessoa jurídica (objeto <code>key</code>) e os dados da pessoa jurídica que serão validados (objeto <code>answer</code>) e retorna se cada um dos dados é ou não válido. Para os dados do tipo texto, também são retornados o percentual de similaridade entre o dado enviado e o dado oficial disponível nas bases do governo. \n\n<b>Clique no conteúdo do BODY SAMPLE para carregar o exemplo no Body e depois clique em Try para testar esse método. Os valores dos atributos do Body também podem ser alterados para avaliar outros cenários de validação.</b>",
        "consumes": [
          "application/json"
        ],
        "produces": [
          "application/json"
        ],
        "parameters": [
          {
            "in": "body",
            "name": "Body",
            "required": true,
            "schema": {
              "$ref": "#/definitions/BodyPJ"
            }
          }
        ],
        
        "responses": {
			"200":{
				"description": "<b> OK - </b> Tudo funcionou como esperado e a validação dos dados foi realizada com sucesso.",
				 "schema": {
					"$ref": "#/definitions/RepostaValidacaoPJ"
					}
				},
			"400":{
				"description": "<b>Requisição inválida - </b> \n A requisição não foi aceita poís existe alguma iconsistência em algum campo da requisição.Confira se as propriedades do corpo da requisição estão de acordo com a propriedades esperadas pelo método e se corpo da requisição está codificado em UTF-8."
				},
			"401":{
				"description": "<b>Não autorizado - </b>Problemas durante a autenticação."
				},
			"422":{
				"description": "<b>Validação não processada - </b> A validação não pode ser processada por que algum valor inválido foi enviado na requisição.  Os valores invalidos são listadas na resposta.",
				"schema": {
              "$ref": "#/definitions/UnprocessableEntity"
            }
				},
			"500":{
				"description": "<b>Erro no servidor - </b> Ocorreu algum erro interno. "
				},
			"503":{
				"description": "<b>Serviço Indisponível - </b> Algum serviço integrado ao Datavalid está indisponível no momento."
				}
        }
      }
    },
        "Dados para testes": {
       "head": {
        "tags": [
          "3 Dados para Testes"
        ],
        "summary": "Dados para testes",
        "description": "Para facilitar a simulação de diversos cenários de validação de Pessoas Físicas, disponibilizamos abaixo dados falsos de Pessoas Físicas que podem ser utilizados nesse ambiente de demonstração: \n\n ([Link para Github](https://github.com/devserpro/datavalid-basico/blob/master/_layouts/DadosPessoasFisicas.csv)) \n\n([Download direto do arquivo](https://rawgit.com/devserpro/datavalid-basico/master/_layouts/DadosPessoasFisicas.csv))  ",
        "responses": {
			
        }
      }
    }
  },
  "definitions": {
    "BodyPJ": {
      "type": "object",
      "properties": {
        "key": {
          "$ref": "#/definitions/KeyPJ"
        },
        "answer": {
          "$ref": "#/definitions/AnswerPJ"
        }
      },
        "required":["key","answer"]
    },
    "KeyPJ": {
      "type": "object",
      "properties": {
        "cnpj": {
          "type": "string",
          "example":"34238864000168"
        }
      },"required":["cnpj"]
    },
    "AnswerPJ": {
      "type": "object",
      "properties": {
        "razao_social": {
          "type": "string",
          "example":"Nome da empresa"
        },
        "nome_fantasia": {
          "type": "string",
           "example":"Nome Fantasia da Empresa"
        },
        "data_abertura": {
          "type": "string",
          "format": "yyyy-mm-dd",
           "example":"2000-01-01"
        },
        "cnae_principal": {
          "$ref": "#/definitions/CodigoDescricao"
        },
        "natureza_juridica": {
          "$ref": "#/definitions/CodigoDescricao"
        },
        "endereco": {
          "$ref": "#/definitions/Endereco"
        },
        "situacao_especial": {
          "type": "string",
          "example":""
        },
        "situacao_cadastral": {
          "$ref": "#/definitions/PJSituacaoCadastral"
        },
        "nome_orgao": {
          "type": "string",
           "example":"Nome do Orgão"
        },
        "ente_federativo": {
          "type": "string",
           "example":"BR"
        },
        "correio_eletronico": {
          "type": "string",
           "example":"empresa@dominio.com.br"
        },
        "capital_social": {
          "type": "number",
          "format": "double",
          "example":0
        },
        "porte": {
          "type": "string",
          "enum": [
            "00",
            "01",
            "03",
            "05"
          ]
        },
        "telefone": {
          "$ref": "#/definitions/PJTelefone"
        }
      }
    },
    "CodigoDescricao": {
      "type": "object",
      "properties": {
        "codigo": {
          "type": "string",
           "example":"01"
        },
        "descricao": {
          "type": "string",
           "example":"descricao"
        }
      }
    },
    "Endereco": {
      "type": "object",
      "properties": {
        "logradouro": {
          "type": "string",
          "example": "Nome do Logradouro"
        },
        "numero": {
          "type": "string",
          "example": "0007"
        },
        "complemento": {
          "type": "string",
          "example": "APTO 2015"
        },
        "bairro": {
          "type": "string",
          "example": "Nome do Bairro"
        },
        "cep": {
          "type": "string",
          "example": "0000001"
        },
        "municipio": {
          "type": "string",
          "example": "Nome do Municipio"
        },
        "uf": {
          "type": "string",
          "example": "DF"
        }
      }
    },
    "PJSituacaoCadastral": {
      "type": "object",
      "properties": {
        "codigo": {
          "type": "integer",
          "enum": [
            2,
            3,
            4,
            8
          ],
          "description": "Escolha 2: Ativo, 3: Suspensa, 4: Inapta, 8: Baixada"
        },
        "data": {
          "type": "string",
          "format": "yyyy-mm-dd",
           "example":"2000-01-01"
        },
        "motivo": {
          "type": "string",
           "example":"Descrição do motivo"
        }
      }
    },
    "PJTelefone": {
      "type": "object",
      "properties": {
        "ddd": {
          "type": "string",
           "example":"00"
        },
        "numero": {
          "type": "string",
           "example":"00000000"
        }
      }
    },
    "RepostaValidacaoPJ": {
      "type": "object",
      "properties": {
        "razao_social": {
          "type": "boolean"
        },
        "razao_social_similaridade": {
          "description": "Percentual de similaridade",
          "type": "number",
          "format": "double"
        },
        "nome_fantasia": {
          "type": "boolean"
        },
        "nome_fantasia_similaridade": {
          "description": "Percentual de similaridade",
          "type": "number",
          "format": "double"
        },
        "data_abertura": {
          "type": "boolean"
        },
        "cnae_principal": {
          "$ref": "#/definitions/ValidacaoCodigoDescricao"
        },
        "natureza_juridica": {
          "$ref": "#/definitions/ValidacaoCodigoDescricao"
        },
        "endereco": {
          "$ref": "#/definitions/ValidacaoEndereco"
        },
        "situacao_especial": {
          "type": "boolean"
        },
        "situacao_especial_similaridade": {
          "description": "Percentual de similaridade",
          "type": "number",
          "format": "double"
        },
        "situacao_cadastral": {
          "$ref": "#/definitions/ValidacaoPJSituacaoCadastral"
        },
        "nome_orgao": {
          "type": "boolean"
        },
        "nome_orgao_similaridade": {
          "description": "Percentual de similaridade",
          "type": "number",
          "format": "double"
        },
        "ente_federativo": {
          "type": "boolean"
        },
        "ente_similaridade": {
          "description": "Percentual de similaridade",
          "type": "number",
          "format": "double"
        },
        "correio_eletronico": {
          "type": "boolean"
        },
        "correio_eletronico_similaridade": {
          "description": "Percentual de similaridade",
          "type": "number",
          "format": "double"
        },
        "capital_social": {
          "type": "boolean"
        },
        "porte": {
          "type": "boolean"
        },
        "telefone": {
          "$ref": "#/definitions/ValidacaoPJTelefone"
        }
      }
    },
    "ValidacaoCodigoDescricao": {
      "type": "object",
      "properties": {
        "codigo": {
          "type": "boolean"
        },
        "descricao": {
          "type": "boolean"
        },
        "descricao_similaridade": {
          "description": "Percentual de similaridade",
          "type": "number",
          "format": "double"
        }
      }
    },
    "ValidacaoEndereco": {
      "type": "object",
      "properties": {
        "logradouro": {
          "type": "boolean"
        },
        "logradouro_similaridade": {
          "description": "Percentual de similaridade",
          "type": "number",
          "format": "double"
        },
        "numero": {
          "type": "boolean"
        },
        "numero_similaridade": {
          "description": "Percentual de similaridade",
          "type": "number",
          "format": "double"
        },
        "complemento": {
          "type": "boolean"
        },
        "complemento_similaridade": {
          "description": "Percentual de similaridade",
          "type": "number",
          "format": "double"
        },
        "bairro": {
          "type": "boolean"
        },
        "bairro_similaridade": {
          "description": "Percentual de similaridade",
          "type": "number",
          "format": "double"
        },
        "cep": {
          "type": "boolean"
        },
        "municipio": {
          "type": "boolean"
        },
        "municipio_similaridade": {
          "description": "Percentual de similaridade",
          "type": "number",
          "format": "double"
        },
        "uf": {
          "type": "boolean"
        },
        "uf__similaridade": {
          "description": "Percentual de similaridade",
          "type": "number",
          "format": "double"
        }
      }
    },
    "Body": {
      "type": "object",
      "properties": {
        "key": {
          "$ref": "#/definitions/KeyPF"
        },
        "answer": {
          "$ref": "#/definitions/AnswerPF"
        }
      },"required":["key","answer"]
    },
    "KeyPF": {
      "type": "object",
      "properties": {
        "cpf": {
          "type": "string",
          "example": "05137518743"
        }
      },"required":["cpf"]
    },
    "AnswerPF": {
      "type": "object",
      "properties": {
        "nome": {
          "type": "string",
          "example": "João"
        },
        "sexo": {
          "type": "string",
          "enum": [
            "F",
            "M"
          ]
        },
        "data_nascimento": {
          "type": "string",
          "format": "yyyy-mm-dd",
          "example": "2000-10-10"
        },
        "situacao_cpf": {
          "type": "string",
          "enum": [
            "regular",
            "cancelada por encerramento de espolio",
            "suspensa",
            "cancelada por obito sem espolio",
            "pendente de regularizacao",
            "cancelada por multiplicidade",
            "nula",
            "cancelada de oficio"
          ]
        },
        "filiacao": {
          "$ref": "#/definitions/Filiacao"
        },
        "nacionalidade": {
          "description": "1 – Brasileiro / 2 – Brasileiro naturalizado / 3 – Estrangeiro / 4 – Brasileiro Nascido no Exterior",
          "type": "integer",
          "enum": [
            1,
            2,
            3,
            4
          ]
        },
        "endereco": {
          "$ref": "#/definitions/Endereco"
        },
        "documento": {
          "$ref": "#/definitions/Documento"
        },
        "cnh": {
          "$ref": "#/definitions/CNH"
        }
      }
    },
    "Filiacao": {
      "type": "object",
      "properties": {
        "nome_mae": {
          "type": "string",
          "example": "Mãe do João"
        },
        "nome_pai": {
          "type": "string",
          "example": "Pai do João"
        }
      }
    },
    "Documento": {
      "type": "object",
      "properties": {
        "tipo": {
          "description": "1 – Carteira de identidade / 2 – Carteira profissional / 3 – Passaporte / 4 – Carteira de reservista",
          "type": "integer",
          "enum": [
            1,
            2,
            3,
            4
          ]
        },
        "numero": {
          "type": "string",
          "example": "000001"
        },
        "orgao_expedidor": {
          "type": "string",
          "example": "SSP"
        },
        "uf_expedidor": {
          "type": "string",
          "example": "MG"
        }
      }
    },
    "CNH": {
      "type": "object",
      "properties": {
        "numero_registro": {
          "type": "string",
          "example": "0000001"
        },
        "registro_nacional_estrangeiro": {
          "type": "string",
          "example": "123456"
        },
        "categoria": {
          "type": "string",
          "example": "AB"
        },
        "data_primeira_habilitacao": {
          "type": "string",
          "format": "yyyy-mm-dd",
          "example": "2000-10-10"
        },
        "data_validade": {
          "type": "string",
          "format": "yyyy-mm-dd",
          "example": "2000-10-10"
        }
      }
    },
    "ValidacaoPF": {
      "type": "object",
      "properties": {
        "nome": {
          "type": "boolean"
        },
        "nome_similaridade": {
          "description": "Percentual de similaridade",
          "type": "number",
          "format": "double"
        },
        "sexo": {
          "type": "boolean"
        },
        "data_nascimento": {
          "type": "boolean"
        },
        "situacao_cpf": {
          "type": "boolean"
        },
        "filiacao": {
          "$ref": "#/definitions/ValidacaoFiliacao"
        },
        "nacionalidade": {
          "type": "boolean"
        },
        "endereco": {
          "$ref": "#/definitions/ValidacaoEndereco"
        },
        "documento": {
          "$ref": "#/definitions/ValidacaoDocumento"
        },
        "cnh": {
          "$ref": "#/definitions/ValidacaoCNH"
        }
      }
    },
    "ValidacaoFiliacao": {
      "type": "object",
      "properties": {
        "nome_mae": {
          "type": "boolean"
        },
        "nome_mae_similaridade": {
          "description": "Percentual de similaridade",
          "type": "number",
          "format": "double"
        },
        "nome_pai": {
          "type": "boolean"
        },
        "nome_pai_similaridade": {
          "description": "Percentual de similaridade",
          "type": "number",
          "format": "double"
        }
      }
    },
    "ValidacaoDocumento": {
      "type": "object",
      "properties": {
        "tipo": {
          "type": "boolean"
        },
        "numero": {
          "type": "boolean"
        },
        "orgao_expedidor": {
          "type": "boolean"
        },
        "uf_expedidor": {
          "type": "boolean"
        }
      }
    },
    "ValidacaoCNH": {
      "type": "object",
      "properties": {
        "nome": {
          "type": "boolean",
          "description":"validação do nome na CNH"
        },
        "nome_similaridade": {
          "type": "number",
          "format": "double",
          "description":"similaridade da validação do nome na CNH"
        },
        "registro_nacional_estrangeiro": {
          "type": "boolean"
        },
        "numero_registro": {
          "type": "boolean"
        },
        "categoria": {
          "type": "boolean"
        },
        "data_primeira_habilitacao": {
          "type": "boolean"
        },
        "data_validade": {
          "type": "boolean"
        }
      }
    },
    "ValidacaoPJSituacaoCadastral": {
      "type": "object",
      "properties": {
        "codigo": {
          "type": "boolean"
        },
        "data": {
          "type": "boolean"
        },
        "motivo": {
          "type": "boolean"
        },
        "motivo_similaridade": {
          "description": "Percentual de similaridade",
          "type": "number",
          "format": "double"
        }
      }
    },
    "ValidacaoPJTelefone": {
      "type": "object",
      "properties": {
        "ddd": {
          "type": "boolean"
        },
        "numero": {
          "type": "boolean"
        },
        "data_primeira_habilitacao": {
          "type": "boolean"
        },
        "data_validade": {
          "type": "boolean"
        }
      }
    },
    "UnprocessableEntity": {
      "type": "array",
      "items": {
        "type": "object",
        "properties": {
          "property": {
            "description": "Parâmetro que ocasionou o erro.",
            "type": "string"
          },
          "message": {
            "description": "Mensagem de erro",
            "type": "string"
          }
        }
      }
    }
  }
}
