{
  "nome": "API Consulta CPF",
  "subtitulo": "Acesse dados de pessoas físicas diretamente das bases da receita federal",
  "descricao": "A API CPF fornece consulta aos dados do CPF de forma direta e atualizada. Garantido aos usuários a integridade dessas informações em um ambiente confiável e seguro.",
  "linkInfoNegocio": "https://github.com/devserpro/apis/raw/master/portal-desenvolvedor/apis/documentos/SituacaoCadastral-CPF.pdf",
  "informacoes": {
    "idProducao": " consulta-cpf",
    "idDegustacao": " consulta-cpf-trial",
    "formatos": [
      " JSON"
    ]
  },
    "operacoes": [
    {
      "path": "/v1/cpf/{ni}",
      "id": "op1",
      "descricao": "Consulta dados de Pessoa Física pelo Número de Inscrição(NI)",
      "metodo": "GET",
      "entrada": [
        {
          "campo": "ni",
          "descricao": "Número de inscrição no Cadastro de Pessoa Física",
          "tipo": "string"
        }
      ],
      "saida": [
        {
          "campo": "ni",
          "descricao": "Número de inscrição no Cadastro de Pessoa Física",
          "tipo": "string"
        },
        {
          "campo": "nome",
          "descricao": "Nome da Pessoa Física",
          "tipo": "string"
        },
        {
          "campo": "situacao",
          "descricao": "Situação cadastral da Pessoa Física. Composto por código e descrição.",
          "tipo": "object"
        }
      ],
      "teste":  [
        {
          "ni": "CPF: &nbsp 40442820135",
          "situacao": "CPF em situação: &nbsp Regular"
        },
        {
          "ni": "CPF: &nbsp 63017285995",
          "situacao": "CPF em situação: &nbsp Regular"
        },
        {
          "ni": "CPF: &nbsp 91708635203",
          "situacao": "CPF em situação: &nbsp Regular"
        },
        {
          "ni": "CPF: &nbsp 58136053391",
          "situacao": "CPF em situação: &nbsp Regular"
        },
        {
          "ni": "CPF: &nbsp 40532176871",
          "situacao": "CPF em situação: &nbsp Suspensa"
        },
        {
          "ni": "CPF: &nbsp 47123586964",
          "situacao": "CPF em situação: &nbsp Suspensa"
        },
        {
          "ni": "CPF: &nbsp 07691852312",
          "situacao": "CPF em situação: &nbsp Pendente de Regularização"
        },
        {
          "ni": "CPF: &nbsp 10975384600",
          "situacao": "CPF em situação: &nbsp Pendente de Regularização"
        },
        {
          "ni": "CPF: &nbsp 01648527949",
          "situacao": "CPF em situação: &nbsp Cancelado por Multiplicidade"
        },
        {
          "ni": "CPF: &nbsp 47893062592",
          "situacao": "CPF em situação: &nbsp Cancelado por Multiplicidade"
        },
        {
          "ni": "CPF: &nbsp 98302514705",
          "situacao": "CPF em situação: &nbsp Nula"
        },
        {
          "ni": "CPF: &nbsp 18025346790",
          "situacao": "CPF em situação: &nbsp Nula"
        },
        {
          "ni": "CPF: &nbsp 64913872591",
          "situacao": "CPF em situação: &nbsp Cancelada de Ofício"
        },
        {
          "ni": "CPF: &nbsp 52389071686",
          "situacao": "CPF em situação: &nbsp Cancelada de Ofício"
        },
        {
          "ni": "CPF: &nbsp 05137518743",
          "situacao": "CPF em situação: &nbsp Titular Falecido"
        },
        {
          "ni": "CPF: &nbsp 08849979878",
          "situacao": "CPF em situação: &nbsp Titular Falecido"
        }
      ],
      "exemplos": [
        {
          "linguagem": "CURL",
          "exemplo": "curl -X GET -H \"Accept: application/json\" -H \"Authorization: Bearer [token de acesso]\"\n\"https://apigateway.serpro.gov.br/consulta-cpf-trial/v1/cpf/40442820135\""
        },
        {
          "linguagem": "VBA",
          "exemplo": "Dim objHTTP As New WinHttpRequest\nDim strURL As String\nDim response As String\n\n\nstrURL = \"https://apigateway.serpro.gov.br/consulta-cpf-trial/v1/cpf/40442820135\"\n\nobjHTTP.Open \"GET\", strURL, False\nobjHTTP.SetRequestHeader \"Authorization\", \"Bearer [token de acesso]\"\nobjHTTP.SetRequestHeader \"Accept\", \"application/json\"\nobjHTTP.Send\n\nresponse = objHTTP.ResponseText\n\nMsgBox response"
        },
        {
          "linguagem": "Node.js",
          "exemplo": "var request = require(\"request\");\n\nvar options = {\n  method: 'GET',\n  url: 'https://apigateway.serpro.gov.br/consulta-cpf-trial/v1/cpf/40442820135',\n  headers: { authorization: 'Bearer [token de acesso]' },\n  body: {},\n  json: true };\n\nrequest(options, function (error, response, body) {\n  if (error) throw new Error(error);\n\n  console.log(body);\n});"
        }
      ],
      "respostas": [
        {
          "codigo": "200",
          "mensagem": "OK",
          "exemplo": "{\n\t\"ni\":\"40442820135\",\n\t\"nome\":\"Nome do CPF 40442820135\",\n\t\"situacao\":\n\t{\n\t\t\"codigo\":\"0\",\n\t\t\"descricao\":\"Regular\"\n\t}\n}"
       
        },
        {
          "codigo": "206",
          "mensagem": "OK",
          "exemplo": "O layout de retorno é idêntico ao do código 200, porém algum dos campos é apresentado vazio. \n\n {\n\t\"ni\":\"40442820135\",\n\t\"nome\":\"\",\n\t\"situacao\":\n\t{\n\t\t\"codigo\":\"0\",\n\t\t\"descricao\":\"Regular\"\n\t}\n}"
        },
        {
          "codigo": "400",
          "mensagem": "BAD REQUEST",
          "exemplo": "[\n\t{\n\t\t\"property\":\"ni\",\n\t\t\"message\":\"CPF 11111111111 inválido\"\n\t}\n]"
        },
        {
          "codigo": "404",
          "mensagem": "NOT FOUND",
          "exemplo": "{}"
        },
        {
          "codigo": "500",
          "mensagem": "SERVER INTERNAL ERROR",
          "exemplo": "{\n\t\"error\":&nbsp\"no reponse from server\"\n}"
        }
      ]
    }
  ]
}
