{
  "nome": "API Consulta Dívida Ativa",
  "subtitulo": "Acesse informações sobre Dívida Ativa da União diretamente das bases da PGFN ",
  "descricao": "A API Consulta Dívida Ativa permite a relização de Consultas da Dívida Ativa da União de forma direta e atualizada. Garantido aos usuários a integridade dessas informações em um ambiente confiável e seguro. A integração de seus sistemas com essa API permitirá a você obter informações detalhadas de uma inscrição na dívida ativa e também dados do devedor, seja pessoa física ou jurídica.",
  "linkInfoNegocio": "https://github.com/devserpro/apis/raw/master/portal-desenvolvedor/apis/documentos/Informacoes-DividaAtiva.pdf",
  "informacoes": {
    "idProducao": " consulta-divida-ativa",
    "idDegustacao": " consulta-divida-ativa-trial",
    "formatos": [
      " JSON"
    ]
  },
    "operacoes": [
    { 
      "path": "/api/v1/inscricao/{Número de Inscrição}",
      "id": "op1",
      "descricao": "Consulta dados de inscrição na Dívida Ativa da União",
      "metodo": "GET",
      "entrada": [
        {
          "campo": "inscricao",
          "descricao": "Identificação do número de inscrição na Dívida Ativa da União",
          "tipo": "string"
        }
      ],
      "saida": [
        {
          "campo": "inscricao",
          "descricao": "Número da inscrição na Dívida Ativa da União",
          "tipo": "string"
        },
        {
          "campo": "processoAdministrativo",
          "descricao": "Número do processo administrativo",
          "tipo": "string"
        },
        {
          "campo": "situacao",
          "descricao": "Situação da Dívida Ativa",
          "tipo": "string"
        },
        {
          "campo": "dataInscricao",
          "descricao": "Data de inscrição da Dívida Ativa",
          "tipo": "string"
        },
        {
          "campo": "numeroPFNResponsavel",
          "descricao": "Número da Procuradoria da Fazenda Nacional responsável",
          "tipo": "string"
        },
        {
          "campo": "nomePFNResponsavel",
          "descricao": "Nome da Procuradoria da Fazenda Nacional responsável",
          "tipo": "string"
        },
        {
          "campo": "numeroPFNInscricao",
          "descricao": "Número da Procuradoria da Fazenda Nacional onde foi feita a inscrição",
          "tipo": "string"
        },
        {
          "campo": "nomePFNInscricao",
          "descricao": "Nome da Procuradoria da Fazenda Nacional onde foi feita a inscrição",
          "tipo": "string"
        },
        {
          "campo": "numeroProcessoJudicial",
          "descricao": "Número do processo judicial",
          "tipo": "string"
        },
        {
          "campo": "numeroProcessoJudicialNovo",
          "descricao": "Número do novo processo judicial",
          "tipo": "string"
        },
        {
          "campo": "orgaoOrigem",
          "descricao": "Órgão de origem",
          "tipo": "string"
        },
        {
          "campo": "codigoNaturezaReceita",
          "descricao": "Código da natureza da receita",
          "tipo": "string"
        },
        {
          "campo": "nomeNaturezaReceita",
          "descricao": "Nome da natureza da receita",
          "tipo": "string"
        },
        {
          "campo": "codigoReceitaPrincipal",
          "descricao": "Código da receita principal",
          "tipo": "string"
        },
        {
          "campo": "nomeReceita",
          "descricao": "Nome da receita",
          "tipo": "string"
        },
        {
          "campo": "codigoSerie",
          "descricao": "Código da série",
          "tipo": "string"
        },
        {
          "campo": "nomeSerie",
          "descricao": "Nome da série",
          "tipo": "string"
        },
        {
          "campo": "codigoOrgaoJustica",
          "descricao": "Código do órgão da justiça",
          "tipo": "string"
        },
        {
          "campo": "nomeOrgaoJustica",
          "descricao": "Nome do órgão da justica",
          "tipo": "string"
        },
        {
          "campo": "numeroJuizo",
          "descricao": "Número do juízo",
          "tipo": "string"
        },
        {
          "campo": "descricaoJuizo",
          "descricao": "Descrição do juízo",
          "tipo": "string"
        },
        {
          "campo": "dataProtocoloJudExecucao",
          "descricao": "Data do protocolo judicial de execução",
          "tipo": "string"
        },
        {
          "campo": "dataDistribuicaoJudicial",
          "descricao": "Data da distribuição judicial",
          "tipo": "string"
        },
        {
          "campo": "indicadorMoedaTotalInscrito",
          "descricao": "Indicador da moeda total inscrita",
          "tipo": "string"
        },
        {
          "campo": "valorTotalInscritoMoeda",
          "descricao": "Valor total da moeda inscrito",
          "tipo": "string"
        },
        {
          "campo": "valorTotalInscritoIndex",
          "descricao": "Valor total inscrito indexado",
          "tipo": "string"
        },
        {
          "campo": "indicadorMoedaTotalConsolidado",
          "descricao": "Indicador moeda total consolidado",
          "tipo": "string"
        },
        {
          "campo": "valorTotalConsolidadoMoeda",
          "descricao": "Valor total consolidado da moeda",
          "tipo": "string"
        },
        {
          "campo": "indicadorMoedaTotalRemanescente",
          "descricao": "Indicador de moeda total remanescente",
          "tipo": "string"
        },
        {
          "campo": "valorRemanescenteMoeda",
          "descricao": "Valor remanescente da moeda",
          "tipo": "string"
        },
        {
          "campo": "valorRemanescenteIndex",
          "descricao": "Valor remanescente indexado",
          "tipo": "string"
        },
        {
          "campo": "dataDevolucaoProcesso",
          "descricao": "Data de devolução do processo",
          "tipo": "string"
        },
        {
          "campo": "numeroAutoInfracao",
          "descricao": "Número do auto de infração",
          "tipo": "string"
        },
        {
          "campo": "indicadorPrescricaoSV8",
          "descricao": "Indicador de prescrição SV8",
          "tipo": "string"
        },
        {
          "campo": "dataDecretacaoFalencia",
          "descricao": "Data da drecretação da falência",
          "tipo": "string"
        },
        {
          "campo": "dataFimProcurador",
          "descricao": "Data fim procurador",
          "tipo": "string"
        },
        {
          "campo": "numeroImovelITR",
          "descricao": "Número do imóvel ITR",
          "tipo": "string"
        },
        {
          "campo": "dataExtincaoInscricao",
          "descricao": "Data de extinção da inscrição",
          "tipo": "string"
        },
        {
          "campo": "motivoSuspensaoExigilidade",
          "descricao": "Motivo da suspensão da exigilidade",
          "tipo": "string"
        },
        {
          "campo": "numeroRipSpu",
          "descricao": "Número da RipSpu",
          "tipo": "string"
        },
        {
          "campo": "indicadorAnaliseOrgaoOrigem",
          "descricao": "Indicador da análise do órgão de origem",
          "tipo": "string"
        },
        {
          "campo": "motivoExtincaoInscricao",
          "descricao": "Motivo da extinção da inscrição",
          "tipo": "string"
        },
        {
          "campo": "indicadorProtImpedAjuiz",
          "descricao": "Indicador ProtImpedAjuiz ",
          "tipo": "string"
        },
        {
          "campo": "numeroAgrupamento",
          "descricao": "Número do agrupamento",
          "tipo": "string"
        },
        {
          "campo": "numeroInscricaoOriginal",
          "descricao": "Número da inscrição original ",
          "tipo": "string"
        },
        {
          "campo": "numeroInscricaoDerivada1",
          "descricao": "Número de inscrição derivada 1",
          "tipo": "string"
        },      
        {
          "campo": "numeroInscricaoDerivada2",
          "descricao": "Número de inscrição derivada 2",
          "tipo": "string"
        },
        {
          "campo": "numeroInscricaoDerivada3",
          "descricao": "Número de inscrição derivada 3",
          "tipo": "string"
        },
        {
          "campo": "numeroInscricaoDerivada4",
          "descricao": "Número de inscrição derivada 4",
          "tipo": "string"
        },
        {
          "campo": "numeroInscricaoDerivada5",
          "descricao": "Número de inscrição derivada 5",
          "tipo": "string"
        },
        {
          "campo": "numeroInscricaoDerivada6",
          "descricao": "Número de inscrição derivada 6",
          "tipo": "string"
        },
        {
          "campo": "numeroInscricaoDerivada7",
          "descricao": "Número de inscrição derivada 7",
          "tipo": "string"
        },
        {
          "campo": "dcomp",
          "descricao": "Declaração de compensação",
          "tipo": "string"
        },
        {
          "campo": "descricaoNaoCalculado",
          "descricao": "Descrição não calculado",
          "tipo": "string"
        },
        {
          "campo": "codigoMunicipioSPU",
          "descricao": "Código do município SPU",
          "tipo": "string"
        },
        {
          "campo": "codigoSistemaOrigem",
          "descricao": "Código do sistema de origem",
          "tipo": "string"
        },
        {
          "campo": "descricaoSistemaOrigem",
          "descricao": "Descrição do sistema de origem",
          "tipo": "string"
        }      
      ],
      "teste":  [
        {
          "ni": "inscricao: &nbsp 9061700096419", 
          "situacao": "Número de inscrição com retorno HTTP 200"
        },
        {
          "ni": "inscricao: &nbsp 4483300091135", 
          "situacao": "Número de inscrição com retorno HTTP 200"
        },
        {
          "ni": "inscricao: &nbsp 404672584327", 
          "situacao": "Número de inscrição com retorno HTTP 400"
        },
        {
          "ni": "inscricao: &nbsp 4948725893281", 
          "situacao": "Número de inscrição com retorno HTTP 404"
        }
      ],
      "exemplos": [
        {
          "linguagem": "CURL",
          "exemplo": "curl -X GET -H \"Accept: application/json\" -H \"Authorization: Bearer [token de acesso]\"\n\"https://apigateway.serpro.gov.br/api-consulta-due-trial/v2/due/{numero}/{chave}\""
        },
        {
          "linguagem": "VBA",
          "exemplo": "Dim objHTTP As New WinHttpRequest\nDim strURL As String\nDim response As String\n\n\nstrURL = \"https://apigateway.serpro.gov.br/nfe-trial/1/35170608530528000184550000000154301000771561\"\n\nobjHTTP.Open \"GET\", strURL, False\nobjHTTP.SetRequestHeader \"Authorization\", \"Bearer [token de acesso]\"\nobjHTTP.SetRequestHeader \"Accept\", \"application/json\"\nobjHTTP.Send\n\nresponse = objHTTP.ResponseText\n\nMsgBox response"
        },
        {
          "linguagem": "Node.js",
          "exemplo": "var request = require(\"request\");\n\nvar options = {\n  method: 'GET',\n  url: 'https://apigateway.serpro.gov.br/nfe-trial/1/35170608530528000184550000000154301000771561',\n  headers: { authorization: 'Bearer [token de acesso]' },\n  body: {},\n  json: true };\n\nrequest(options, function (error, response, body) {\n  if (error) throw new Error(error);\n\n  console.log(body);\n});"
        }
      ],
      "respostas": [
        {
          "codigo": "200",
          "mensagem": "OK",
          "exemplo": "[\n\t{\n\t\t\"inscricao\":&nbsp\"90 6 17 000964-19\",\n\t\t\"processoAdministrativo\":&nbsp\"11111 120013/2017-10\",\n\t\t\"situacao\":&nbsp\"ATIVA AJUIZADA - GARANTIA - DEPOSITO\",\n\t\t\"dataInscricao\":&nbsp\"17/02/2017\",\n\t\t\"numeroPFNResponsavel\":&nbsp\"9001\",\n\t\t\"nomePFNResponsavel\":&nbsp\"Londrina\",\n\t\t\"numeroPFNInscricao\":&nbsp\"9001\",\n\t\t\"nomePFNInscricao\":&nbsp\"Londrina\",\n\t\t\"numeroProcessoJudicial\":&nbsp\"\",\n\t\t\"numeroProcessoJudicialNovo\":&nbsp\"50059544320174047001\",\n\t\t\"orgaoOrigem\":&nbsp\"POLICIA FEDERAL\",\n\t\t\"codigoNaturezaReceita\":&nbsp\"0002\",\n\t\t\"nomeNaturezaReceita\":&nbsp\"NÃO TRIBUTÁRIA\",\n\t\t\"codigoReceitaPrincipal\":&nbsp\"3640\",\n\t\t\"nomeReceita\":&nbsp\"DIV.ATIVA-OUTRAS ORIGENS\",\n\t\t\"codigoSerie\":&nbsp\"6\",\n\t\t\"nomeSerie\":&nbsp\"DO\",\n\t\t\"codigoOrgaoJustica\":&nbsp\"901466\",\n\t\t\"nomeOrgaoJustica\":&nbsp\"SEÇÃO JUDICIÁRIA DO PR EM LONDRINA\",\n\t\t\"numeroJuizo\":&nbsp\"903132\",\n\t\t\"descricaoJuizo\":&nbsp\"Não foi possível recuperar a descrição do juízo.\",\n\t\t\"dataProtocoloJudExecucao\":&nbsp\"26/04/2017\",\n\t\t\"dataDistribuicaoJudicial\":&nbsp\"\",\n\t\t\"indicadorMoedaTotalInscrito\":&nbsp\"R$\",\n\t\t\"valorTotalInscritoMoeda\":&nbsp\"27.666,60\",\n\t\t\"valorTotalInscritoIndex\":&nbsp\"26.000,00\",\n\t\t\"indicadorMoedaTotalConsolidado\":&nbsp\"R$\",\n\t\t\"valorTotalConsolidadoMoeda\":&nbsp\"57.862,34\",\n\t\t\"indicadorMoedaTotalRemanescente\":&nbsp\"R$\",\n\t\t\"valorRemanescenteMoeda\":&nbsp\"27.666,60\",\n\t\t\"valorRemanescenteIndex\":&nbsp\"26.000,00\",\n\t\t\"dataDevolucaoProcesso\":&nbsp\"\",\n\t\t\"numeroAutoInfracao\":&nbsp\"\",\n\t\t\"indicadorPrescricaoSV8\":&nbsp\"N,\n\t\t\"dataDecretacapFalencia\":&nbsp\"\",\n\t\t\"dataFimProcurador\":&nbsp\"31/05/2017\",\n\t\t\"numeroImovelITR\":&nbsp\"\",\n\t\t\"dataExtincaoInscricao\":&nbsp\"\",\n\t\t\"motivoSuspensaoExigibilidade\":&nbsp\"DEPOSITO VALOR INTEGRAL INFORMADO NOS AUTOS N. 50059544320174047001/PR,\",\n\t\t\"numeroRipSpu\":&nbsp\"\",\n\t\t\"indicadorAnaliseOrgaoOrigem\":&nbsp\"NÃO\",\n\t\t\"motivoExtincaoInscricao\":&nbsp\"\",\n\t\t\"indicadorProtImpedAjuiz\":&nbsp\"\",\n\t\t\"numeroAgrupamento\":&nbsp\"900117900999\",\n\t\t\"numeroInscricaoOriginal\":&nbsp\"00 0 00 000000-00\",\n\t\t\"numeroInscricaoDerivada1\":&nbsp\"00 0 00 000000-00\",\n\t\t\"numeroInscricaoDerivada2\":&nbsp\"00 0 00 000000-00\",\n\t\t\"numeroInscricaoDerivada3\":&nbsp\"00 0 00 000000-00\",\n\t\t\"numeroInscricaoDerivada4\":&nbsp\"00 0 00 000000-00\",\n\t\t\"numeroInscricaoDerivada5\":&nbsp\"00 0 00 000000-00\",\n\t\t\"numeroInscricaoDerivada6\":&nbsp\"00 0 00 000000-00\",\n\t\t\"numeroInscricaoDerivada7\":&nbsp\"00 0 00 000000-00\",\n\t\t\"dcomp\":&nbsp\"\",\n\t\t\"descricaoNaoCalculado\":&nbsp\"\",\n\t\t\"codigoMunicipioSPU\":&nbsp\"0\",\n\t\t\"codigoSistemaOrigem\":&nbsp\"\",\n\t\t\"descricaoSistemaOrigem\":&nbsp\"null\"\n\t}\n]"
        },
        {
          "codigo": "400",
          "mensagem": "BAD REQUEST",
          "exemplo": "[\n\t{\n\t\t\"property\":&nbsp\"numeroInscricao\",\n\t\t\"message\":&nbsp\"Número de Inscrição Inválido\"\n\t}\n\n]"
        },
        {
          "codigo": "404",
          "mensagem": "NOT FOUND",
          "exemplo": "{}"
        },
        {
          "codigo": "500",
          "mensagem": "SERVER INTERNAL ERROR",
          "exemplo": "{\n\t\"error\":&nbsp\"no reponse from server\"\n}"
        }
      ]
    },
    {
      "path": "/api/v1/devedor/{Número de Inscrição do Devedor}",
      "id": "op2",
      "descricao": "Consulta dados do devedor (CPF ou CNPJ) na Dívida Ativa da União",
      "metodo": "GET",
      "entrada": [
        {
          "campo": "numeroInscricao",
          "descricao": "Identificação do número de inscrição do devedor",
          "tipo": "string"
        }
      ],
      "saida": [
        {
          "campo": "numeroInscricao",
          "descricao": "Número de inscrição do devedor",
          "tipo": "string"
        },
        {
          "campo": "numeroProcesso",
          "descricao": "Número do processo",
          "tipo": "string"
        },
        {
          "campo": "situacaoInscricao",
          "descricao": "Situação da inscrição",
          "tipo": "string"
        },
        {
          "campo": "situacaoDescricao",
          "descricao": "Situação da descrição",
          "tipo": "string"
        },
        {
          "campo": "nomeDevedor",
          "descricao": "Nome do devedor",
          "tipo": "string"
        },
        {
          "campo": "tipoDevedor",
          "descricao": "Tipo do devedor",
          "tipo": "string"
        },
        {
          "campo": "valorTotalConsolidadoMoeda",
          "descricao": "Valor total consolidado da moeda",
          "tipo": "string"
        },
        {
          "campo": "cpfCnpj",
          "descricao": "Número do CPF ou CNPJ",
          "tipo": "string"
        },
        {
          "campo": "codigoSida",
          "descricao": "Código da SIDA",
          "tipo": "string"
        },
        {
          "campo": "nomeUnidade",
          "descricao": "Nome da unidade",
          "tipo": "string"
        },
        {
          "campo": "codigoComprot",
          "descricao": "Código do Comprot",
          "tipo": "string"
        },
        {
          "campo": "codigoUorg",
          "descricao": "Código da UORG",
          "tipo": "string"
        } 
      ],
      "teste":  [
        {
          "ni": "numeroInscricao: &nbsp 09781911768 (cpf)", 
          "situacao": "Número de inscrição do devedor com retorno HTTP 200"
        },
        {
          "ni": "numeroInscricao: &nbsp 01415666000181 (cnpj)", 
          "situacao": "Número de inscrição do devedor com retorno HTTP 200"
        },
        {
          "ni": "numeroInscricao: &nbsp 0375198170", 
          "situacao": "Número de inscrição do devedor com retorno HTTP 400"
        },
        {
          "ni": "numeroInscricao: &nbsp 03741881001", 
          "situacao": "Número de inscrição do devedor com retorno HTTP 404"
        }
      ],
      "exemplos": [
        {
          "linguagem": "CURL",
          "exemplo": "curl -X GET -H \"Accept: application/json\" -H \"Authorization: Bearer [token de acesso]\"\n\"https://apigateway.serpro.gov.br/api-consulta-due-trial/v2/due/{numero}/{chave}\""
        },
                {
          "linguagem": "VBA",
          "exemplo": "Dim objHTTP As New WinHttpRequest\nDim strURL As String\nDim response As String\n\n\nstrURL = \"https://apigateway.serpro.gov.br/nfe-trial/1/35170608530528000184550000000154301000771561\"\n\nobjHTTP.Open \"GET\", strURL, False\nobjHTTP.SetRequestHeader \"Authorization\", \"Bearer [token de acesso]\"\nobjHTTP.SetRequestHeader \"Accept\", \"application/json\"\nobjHTTP.Send\n\nresponse = objHTTP.ResponseText\n\nMsgBox response"
        },
        {
          "linguagem": "Node.js",
          "exemplo": "var request = require(\"request\");\n\nvar options = {\n  method: 'GET',\n  url: 'https://apigateway.serpro.gov.br/nfe-trial/1/35170608530528000184550000000154301000771561',\n  headers: { authorization: 'Bearer [token de acesso]' },\n  body: {},\n  json: true };\n\nrequest(options, function (error, response, body) {\n  if (error) throw new Error(error);\n\n  console.log(body);\n});"
        }
      ],
      "respostas": [
        {
          "codigo": "200",
          "mensagem": "OK",
          "exemplo": "[\n\t{\n\t\t\"numeroInscricao\":&nbsp\"10 5 03 003880-14\",\n\t\t\"numeroProcesso\":&nbsp\"10166 677771/2014-12\",\n\t\t\"situacaoInscricao\":&nbsp\"121105\",\n\t\t\"situacaoDescricao\":&nbsp\"ATIVA NAO PRIORIZADA PARA AJUIZAMENTO\",\n\t\t\"nomeDevedor\":&nbsp\"DEVEDOR DA SILVA\",\n\t\t\"tipoDevedor\":&nbsp\"PRINCIPAL\",\n\t\t\"valorTotalConsolidadoMoeda\":&nbsp\"4.457,56\",\n\t\t\"cpfCnpj\":&nbsp\"097.819.117-68\",\n\t\t\"codigoSida\":&nbsp\"1000\",\n\t\t\"nomeUnidade\":&nbsp\"PROCURADORIA REGIONAL DA FAZENDA NACIONAL DA 1A REGIAO\",\n\t\t\"codigoComprot\":&nbsp\"1101951\",\n\t\t\"codigoUorg\":&nbsp\"0005786\"\n\t}\n]"
        },
        {
          "codigo": "400",
          "mensagem": "BAD REQUEST",
          "exemplo": "[\n\t{\n\t\t\"property\":\"numeroInscricaoDevedor\",\n\t\t\"message\":\"CPF ou CNPJ inválido\"\n\t}\n\t}\n\n]"
        },
        {
          "codigo": "404",
          "mensagem": "NOT FOUND",
          "exemplo": "{}"
        },
        {
          "codigo": "500",
          "mensagem": "SERVER INTERNAL ERROR",
          "exemplo": "{\n\t\"error\":&nbsp\"no reponse from server\"\n}"
        }
      ]
    }     
  ]
}
