{
  "nome": "API Integra SIAFI",
  "subtitulo": "Com a API Integra Siafi você pode diminuir o esforço manual e o tempo de contabilização do Siafi, a partir da integração dos sistemas de gestão. ",
  "descricao": "A API Integra SIAFI permite a realização de consultas e registros de documentos contábeis diretamente nas bases da STN - Secretaria do Tesouro Nacional. Garantido aos usuários a integridade dessas informações em um ambiente confiável e seguro.",
  "linkInfoNegocio": "https://github.com/devserpro/apis/raw/master/portal-desenvolvedor/apis/documentos/Informacoes-SIAFI.pdf",
  "informacoes": {
    "idProducao": " api-siafi",
    "idDegustacao": " api-siafi-trial",
    "formatos": [
      " JSON"
    ]
  },
    "operacoes": [
    { 
      "path": "/api-siafi-trial/1.0.0/ne/alterar",
      "id": "op1",
      "descricao": "Altera Nota de Empenho",
      "metodo": "POST", 
      "entrada": [
        {
          "campo": "dataEmissao",
          "descricao": "Data da emissão da Nota de Empenho",
          "tipo": "string"
        },
        {
          "campo": "numeroDocumento",
          "descricao": "Número da Nota de Empenho",
          "tipo": "string"
        },
        {
          "campo": "ugEmitente",
          "descricao": "Unidade Gestora Emitente",
          "tipo": "string"
        },
        {
          "campo": "gestaoEmitente",
          "descricao": "Gestão Emitente",
          "tipo": "string"
        },
        {
          "campo": "numeroLista",
          "descricao": "Número da lista",
          "tipo": "string"
        },
        {
          "campo": "taxaCambio",
          "descricao": "Taxa de câmbio",
          "tipo": "string"
        },
        {
          "campo": "observacao",
          "descricao": "Observações da Nota de Empenho",
          "tipo": "string"
        },
        {
          "campo": "valorTotalEmpenho",
          "descricao": "Valor total da Nota de Empenho",
          "tipo": "string"
        },
        {
          "campo": "numeroProcesso",
          "descricao": "Número do processo",
          "tipo": "string"
        },
        {
          "campo": "numeroOriginalConvenio",
          "descricao": "Número original do Convênio",
          "tipo": "string"
        },
        {
          "campo": "passivoAnterior",
          "descricao": "Passivo anterior",
          "tipo": "string"
        },
        {
          "campo": "contaPassivo",
          "descricao": "Conta do Passivo",
          "tipo": "string"
        },
        {
          "campo": "contaValor",
          "descricao": "Conta e Valor",
          "tipo": "string"
        },
        {
          "campo": "contaPassivoFinanceiro",
          "descricao": "Conta do Passivo Financeiro",
          "tipo": "string"
        },
        {
          "campo": "especie",
          "descricao": "Tipo da espécie",
          "tipo": "string"
        },
        {
          "campo": "ugReferencia",
          "descricao": "UG de referência",
          "tipo": "string"
        },
        {
          "campo": "gestaoReferencia",
          "descricao": "Gestão de referência",
          "tipo": "string"
        },
        {
          "campo": "numeroEmpenhoReferencia",
          "descricao": "Número do Empenho de Referência",
          "tipo": "string"
        },
        {
          "campo": "numeroListaReferencia",
          "descricao": "Número da Lista de Referência",
          "tipo": "string"
        },
        {
          "campo": "listaItens",
          "descricao": "Quantidade, valor unitário, valor total e descrição dos itens",
          "tipo": "string"
        },
        {
          "campo": "numeroTransacaoCliente",
          "descricao": "Número da transação do cliente",
          "tipo": "string"
        },
        {
          "campo": "credencial",
          "descricao": "CPF, UG e Sistema",
          "tipo": "string"
        }      
      ],
      "saida": [
        {
          "campo": "codigo",
          "descricao": "Código da Nota de Empenho",
          "tipo": "string"
        },
        {
          "campo": "mensagem",
          "descricao": "Algumas informações da Nota de Empenho",
          "tipo": "string"
        },
        {
          "campo": "erros",
          "descricao": "Informações do erro",
          "tipo": "string"
        },
        {
          "campo": "status",
          "descricao": "Código de retorno",
          "tipo": "string"
        }
      ],
      "teste": [
        {
          "ni": "Json de entrada", 
          "situacao": "Para verificar o Json de entrada faça o download no item Informações de negócio da API"
        }
      ],
      "exemplos": [
        {
          "linguagem": "CURL",
          "exemplo": "curl -X POST -H \"Accept: application/json\" -H \"Authorization: Bearer [token de acesso]\"\n\"https://apigateway.serpro.gov.br/api-siafi-trial/1.0.0/ne/alterar/ -d \"Conteudo do Json\" \""
        },
        {
          "linguagem": "VBA",
          "exemplo": "Dim objHTTP As New WinHttpRequest\nDim strURL As String\nDim response As String\n\n\nstrURL = \"https://apigateway.serpro.gov.br/api-siafi-trial/1.0.0/ne/alterar/ -d \"Conteudo do Json\"\"\n\nobjHTTP.Open \"POST\", strURL, False\nobjHTTP.SetRequestHeader \"Authorization\", \"Bearer [token de acesso]\"\nobjHTTP.SetRequestHeader \"Accept\", \"application/json\"\nobjHTTP.Send\n\nresponse = objHTTP.ResponseText\n\nMsgBox response"
        },
        {
          "linguagem": "Node.js",
          "exemplo": "var request = require(\"request\");\n\nvar options = {\n  method: 'POST',\n  url: 'https://apigateway.serpro.gov.br/api-siafi-trial/1.0.0/ne/alterar/ -d \"Conteudo do Json\"',\n  headers: { authorization: 'Bearer [token de acesso]' },\n  body: {},\n  json: true };\n\nrequest(options, function (error, response, body) {\n  if (error) throw new Error(error);\n\n  console.log(body);\n});"
        }
      ],
      "respostas": [
        {
          "codigo": "200",
          "mensagem": "OK",
          "exemplo": "[\n\t{\n\t\t\"inscricao\":&nbsp\"90 6 17 000964-19\",\n\t\t\"processoAdministrativo\":&nbsp\"11111 120013/2017-10\",\n\t\t\"situacao\":&nbsp\"ATIVA AJUIZADA - GARANTIA - DEPOSITO\",\n\t\t\"dataInscricao\":&nbsp\"17/02/2017\",\n\t\t\"numeroPFNResponsavel\":&nbsp\"9001\",\n\t\t\"nomePFNResponsavel\":&nbsp\"Londrina\",\n\t\t\"numeroPFNInscricao\":&nbsp\"9001\",\n\t\t\"nomePFNInscricao\":&nbsp\"Londrina\",\n\t\t\"numeroProcessoJudicial\":&nbsp\"\",\n\t\t\"numeroProcessoJudicialNovo\":&nbsp\"50059544320174047001\",\n\t\t\"orgaoOrigem\":&nbsp\"POLICIA FEDERAL\",\n\t\t\"codigoNaturezaReceita\":&nbsp\"0002\",\n\t\t\"nomeNaturezaReceita\":&nbsp\"NÃO TRIBUTÁRIA\",\n\t\t\"codigoReceitaPrincipal\":&nbsp\"3640\",\n\t\t\"nomeReceita\":&nbsp\"DIV.ATIVA-OUTRAS ORIGENS\",\n\t\t\"codigoSerie\":&nbsp\"6\",\n\t\t\"nomeSerie\":&nbsp\"DO\",\n\t\t\"codigoOrgaoJustica\":&nbsp\"901466\",\n\t\t\"nomeOrgaoJustica\":&nbsp\"SEÇÃO JUDICIÁRIA DO PR EM LONDRINA\",\n\t\t\"numeroJuizo\":&nbsp\"903132\",\n\t\t\"descricaoJuizo\":&nbsp\"Não foi possível recuperar a descrição do juízo.\",\n\t\t\"dataProtocoloJudExecucao\":&nbsp\"26/04/2017\",\n\t\t\"dataDistribuicaoJudicial\":&nbsp\"\",\n\t\t\"indicadorMoedaTotalInscrito\":&nbsp\"R$\",\n\t\t\"valorTotalInscritoMoeda\":&nbsp\"27.666,60\",\n\t\t\"valorTotalInscritoIndex\":&nbsp\"26.000,00\",\n\t\t\"indicadorMoedaTotalConsolidado\":&nbsp\"R$\",\n\t\t\"valorTotalConsolidadoMoeda\":&nbsp\"57.862,34\",\n\t\t\"indicadorMoedaTotalRemanescente\":&nbsp\"R$\",\n\t\t\"valorRemanescenteMoeda\":&nbsp\"27.666,60\",\n\t\t\"valorRemanescenteIndex\":&nbsp\"26.000,00\",\n\t\t\"dataDevolucaoProcesso\":&nbsp\"\",\n\t\t\"numeroAutoInfracao\":&nbsp\"\",\n\t\t\"indicadorPrescricaoSV8\":&nbsp\"N,\n\t\t\"dataDecretacapFalencia\":&nbsp\"\",\n\t\t\"dataFimProcurador\":&nbsp\"31/05/2017\",\n\t\t\"numeroImovelITR\":&nbsp\"\",\n\t\t\"dataExtincaoInscricao\":&nbsp\"\",\n\t\t\"motivoSuspensaoExigibilidade\":&nbsp\"DEPOSITO VALOR INTEGRAL INFORMADO NOS AUTOS N. 50059544320174047001/PR,\",\n\t\t\"numeroRipSpu\":&nbsp\"\",\n\t\t\"indicadorAnaliseOrgaoOrigem\":&nbsp\"NÃO\",\n\t\t\"motivoExtincaoInscricao\":&nbsp\"\",\n\t\t\"indicadorProtImpedAjuiz\":&nbsp\"\",\n\t\t\"numeroAgrupamento\":&nbsp\"900117900999\",\n\t\t\"numeroInscricaoOriginal\":&nbsp\"00 0 00 000000-00\",\n\t\t\"numeroInscricaoDerivada1\":&nbsp\"00 0 00 000000-00\",\n\t\t\"numeroInscricaoDerivada2\":&nbsp\"00 0 00 000000-00\",\n\t\t\"numeroInscricaoDerivada3\":&nbsp\"00 0 00 000000-00\",\n\t\t\"numeroInscricaoDerivada4\":&nbsp\"00 0 00 000000-00\",\n\t\t\"numeroInscricaoDerivada5\":&nbsp\"00 0 00 000000-00\",\n\t\t\"numeroInscricaoDerivada6\":&nbsp\"00 0 00 000000-00\",\n\t\t\"numeroInscricaoDerivada7\":&nbsp\"00 0 00 000000-00\",\n\t\t\"dcomp\":&nbsp\"\",\n\t\t\"descricaoNaoCalculado\":&nbsp\"\",\n\t\t\"codigoMunicipioSPU\":&nbsp\"0\",\n\t\t\"codigoSistemaOrigem\":&nbsp\"\",\n\t\t\"descricaoSistemaOrigem\":&nbsp\"null\"\n\t}\n]"
        },
        {
          "codigo": "400",
          "mensagem": "BAD REQUEST",
          "exemplo": "[\n\t{\n\t\t\"property\":&nbsp\"numeroInscricao\",\n\t\t\"message\":&nbsp\"Número de Inscrição Inválido\"\n\t}\n\n]"
        },
        {
          "codigo": "404",
          "mensagem": "NOT FOUND",
          "exemplo": "{}"
        },
        {
          "codigo": "500",
          "mensagem": "SERVER INTERNAL ERROR",
          "exemplo": "{\n\t\"error\":&nbsp\"no reponse from server\"\n}"
        }
      ]
    },
    {
      "path": "/api-siafi/1.0.0/nota-credito/010001/00001/2018/800001/",
      "id": "op2",
      "descricao": "Consulta dados da Nota de Crédito",
      "metodo": "GET",
      "entrada": [
        {
          "campo": "numeroInscricao",
          "descricao": "Identificação do número de inscrição do devedor",
          "tipo": "string"
        },
        {
          "campo": "numeroInscricao",
          "descricao": "Identificação do número de inscrição do devedor",
          "tipo": "string"
        },
        {
          "campo": "numeroInscricao",
          "descricao": "Identificação do número de inscrição do devedor",
          "tipo": "string"
        },
        {
          "campo": "numeroInscricao",
          "descricao": "Identificação do número de inscrição do devedor",
          "tipo": "string"
        }
      ],
      "saida": [
        {
          "campo": "numeroInscricao",
          "descricao": "Número de inscrição do devedor",
          "tipo": "string"
        },
        {
          "campo": "numeroProcesso",
          "descricao": "Número do processo",
          "tipo": "string"
        },
        {
          "campo": "situacaoInscricao",
          "descricao": "Situação da inscrição",
          "tipo": "string"
        },
        {
          "campo": "situacaoDescricao",
          "descricao": "Situação da descrição",
          "tipo": "string"
        },
        {
          "campo": "nomeDevedor",
          "descricao": "Nome do devedor",
          "tipo": "string"
        },
        {
          "campo": "tipoDevedor",
          "descricao": "Tipo do devedor",
          "tipo": "string"
        },
        {
          "campo": "valorTotalConsolidadoMoeda",
          "descricao": "Valor total consolidado da moeda",
          "tipo": "string"
        },
        {
          "campo": "cpfCnpj",
          "descricao": "Número do CPF ou CNPJ",
          "tipo": "string"
        },
        {
          "campo": "codigoSida",
          "descricao": "Código da SIDA",
          "tipo": "string"
        },
        {
          "campo": "nomeUnidade",
          "descricao": "Nome da unidade",
          "tipo": "string"
        },
        {
          "campo": "codigoComprot",
          "descricao": "Código do Comprot",
          "tipo": "string"
        },
        {
          "campo": "codigoUorg",
          "descricao": "Código da UORG",
          "tipo": "string"
        } 
      ],
      "teste":  [
        {
          "ni": "numeroInscricao: &nbsp 09781911768 (cpf)", 
          "situacao": "Número de inscrição do devedor com retorno HTTP 200"
        },
        {
          "ni": "numeroInscricao: &nbsp 01415666000181 (cnpj)", 
          "situacao": "Número de inscrição do devedor com retorno HTTP 200"
        },
        {
          "ni": "numeroInscricao: &nbsp 0375198170", 
          "situacao": "Número de inscrição do devedor com retorno HTTP 400"
        },
        {
          "ni": "numeroInscricao: &nbsp 03741881001", 
          "situacao": "Número de inscrição do devedor com retorno HTTP 404"
        }
      ],
      "exemplos": [
        {
          "linguagem": "CURL",
          "exemplo": "curl -X GET -H \"Accept: application/json\" -H \"Authorization: Bearer [token de acesso]\"\n\"https://apigateway.serpro.gov.br/nfe-trial/1/35170608530528000184550000000154301000771561\""
        },
        {
          "linguagem": "VBA",
          "exemplo": "Dim objHTTP As New WinHttpRequest\nDim strURL As String\nDim response As String\n\n\nstrURL = \"https://apigateway.serpro.gov.br/nfe-trial/1/35170608530528000184550000000154301000771561\"\n\nobjHTTP.Open \"GET\", strURL, False\nobjHTTP.SetRequestHeader \"Authorization\", \"Bearer [token de acesso]\"\nobjHTTP.SetRequestHeader \"Accept\", \"application/json\"\nobjHTTP.Send\n\nresponse = objHTTP.ResponseText\n\nMsgBox response"
        },
        {
          "linguagem": "Node.js",
          "exemplo": "var request = require(\"request\");\n\nvar options = {\n  method: 'GET',\n  url: 'https://apigateway.serpro.gov.br/nfe-trial/1/35170608530528000184550000000154301000771561',\n  headers: { authorization: 'Bearer [token de acesso]' },\n  body: {},\n  json: true };\n\nrequest(options, function (error, response, body) {\n  if (error) throw new Error(error);\n\n  console.log(body);\n});"
        }
      ],
      "respostas": [
        {
          "codigo": "200",
          "mensagem": "OK",
          "exemplo": "[\n\t{\n\t\t\"numeroInscricao\":&nbsp\"10 5 03 003880-14\",\n\t\t\"numeroProcesso\":&nbsp\"10166 677771/2014-12\",\n\t\t\"situacaoInscricao\":&nbsp\"121105\",\n\t\t\"situacaoDescricao\":&nbsp\"ATIVA NAO PRIORIZADA PARA AJUIZAMENTO\",\n\t\t\"nomeDevedor\":&nbsp\"DEVEDOR DA SILVA\",\n\t\t\"tipoDevedor\":&nbsp\"PRINCIPAL\",\n\t\t\"valorTotalConsolidadoMoeda\":&nbsp\"4.457,56\",\n\t\t\"cpfCnpj\":&nbsp\"097.819.117-68\",\n\t\t\"codigoSida\":&nbsp\"1000\",\n\t\t\"nomeUnidade\":&nbsp\"PROCURADORIA REGIONAL DA FAZENDA NACIONAL DA 1A REGIAO\",\n\t\t\"codigoComprot\":&nbsp\"1101951\",\n\t\t\"codigoUorg\":&nbsp\"0005786\"\n\t}\n]"
        },
        {
          "codigo": "400",
          "mensagem": "BAD REQUEST",
          "exemplo": "[\n\t{\n\t\t\"property\":\"numeroInscricaoDevedor\",\n\t\t\"message\":\"CPF ou CNPJ inválido\"\n\t}\n\t}\n\n]"
        },
        {
          "codigo": "404",
          "mensagem": "NOT FOUND",
          "exemplo": "{}"
        },
        {
          "codigo": "500",
          "mensagem": "SERVER INTERNAL ERROR",
          "exemplo": "{\n\t\"error\":&nbsp\"no reponse from server\"\n}"
        }
      ]
    }     
  ]
}
